osuked_id,gppd_idnr,esail_id,name,sett_bmu_id,ngc_bmu_id,4c_offshore_id,windpowernet_id,wikidata_id,wikipedia_id,power_technology_id,eutl_id
10000,,MARK,Rothes Bio-Plant CHP,"E_MARK-1, E_MARK-2","MARK-1, MARK-2",,,,,,
10001,"GBR1000377, GBR1000369",DIDC,Didcot,"T_DIDC1, T_DIDC2, T_DIDC4, T_DIDC3, T_DIDC1G, T_DIDC2G, T_DIDC3G, T_DIDC4G, E_DIDC1G, E_DIDC2G, E_DIDC3G, E_DIDC4G, T_DIDCB5, T_DIDCB6","DIDC1, DIDC2, DIDC4, DIDC3, DIDC1G, DIDC2G, DIDC3G, DIDC4G, DIDC01G, DIDC02G, DIDC03G, DIDC04G, DIDCB5, DIDCB6",,,,,,97165
10002,"GBR1000374, GBR1000375",ABTH,Aberthaw B,"T_ABTH7, T_ABTH8, T_ABTH9, T_ABTH7G, T_ABTH8G, T_ABTH9G","ABTH7, ABTH8, ABTH9, ABTH7G, ABTH8G, ABTH9G",,,,,,97175
10003,GBR1000142,COTPS,Cottam,"T_COTPS-1, T_COTPS-2, T_COTPS-3, T_COTPS-4","COTPS-1, COTPS-2, COTPS-3, COTPS-4",,,,,,97778
10004,"GBR0000174, GBR1000112",DRAXX,Drax,"T_DRAXX-1, T_DRAXX-2, T_DRAXX-3, T_DRAXX-4, T_DRAXX-5, T_DRAXX-6, T_DRAXX-10G, T_DRAXX-12G, T_DRAXX-9G","DRAXX-1, DRAXX-2, DRAXX-3, DRAXX-4, DRAXX-5, DRAXX-6, DRAXX-10G, DRAXX-12G, DRAXX-9G",,,,,,96842
10005,GBR1000147,EGGPS,Eggborough,"T_EGGPS-1, T_EGGPS-2, T_EGGPS-3, T_EGGPS-4","EGGPS-1, EGGPS-2, EGGPS-3, EGGPS-4",,,,,,97445
10006,GBR0000116,FERR,Ferrybridge C,"T_FERR-3, T_FERR-4, T_FERR-1, T_FERR-2, T_FERR-5G, T_FERR-8G","FERR-3, FERR-4, FERR-1, FERR-2, FERR-5G, FERR-8G",,,,,,98253
10007,,FIDL,Fiddlers Ferry,"T_FIDL-1, T_FIDL-2, T_FIDL-3, T_FIDL-4, T_FIDL-2G, T_FIDL-3G","FIDL-1, FIDL-2, FIDL-3, FIDL-4, FIDL-2G, FIDL-3G",,,,,,98251
10008,,FIFO,Fifoots,"T_FIFO-13, T_FIFO-14, T_FIFO-15",,,,,,,
10009,,LOAN,Longannet,"T_LOAN-1, T_LOAN-2, T_LOAN-3, T_LOAN-4","LOAN-1, LOAN-2, LOAN-3, LOAN-4",,,,,,96923
10010,,LYNE,Lynemouth Generator,"E_LYNE1, E_LYNE2, E_LYNE3","LNMTH-1, LNMTH-2, LNMTH-3",,,,,,96827
10011,GBR1000496,RATS,Ratcliffe on Soar,"T_RATS-1, T_RATS-2, T_RATS-3, T_RATS-4, T_RATSGT-2, T_RATSGT-4","RATS-1, RATS-2, RATS-3, RATS-4, RATSGT-2, RATSGT-4",,,,,,97052
10012,,RUG,Rugeley B,"T_RUGPS-6, T_RUGPS-7, T_RUGGT-6, T_RUGGT-7","RUGPS-6, RUGPS-7, RUGGT-6, RUGGT-7",,,,,,97192
10013,GBR2000811,USKM,Uskmouth,"T_USKM-13, T_USKM-14, T_USKM-15","USKM-13, USKM-14, USKM-15",,,,,,97413
10014,"GBR1000143, GBR1000146, GBR1000141",WBU,West Burton,"T_WBUPS-1, T_WBUPS-2, T_WBUPS-3, T_WBUPS-4, T_WBUGT-1, T_WBUGT-4, T_WBURB-1, T_WBURB-2, T_WBURB-3","WBUPS-1, WBUPS-2, WBUPS-3, WBUPS-4, WBUGT-1, WBUGT-4, WBURB-1, WBURB-2, WBURB-3",,,,,,"97220, 97223"
10015,,COCK,Cockenzie,"T_COCK-1, T_COCK-2, T_COCK-3, T_COCK-4","COCK-1, COCK-2, COCK-3, COCK-4",,,,,,96927
10016,,DRKPS,Drakelow,"T_DRKPS-9, T_DRKPS-10, T_DRKPS-12",,,,,,,
10017,,HMRPS,High Marnham,"T_HMRPS-1, T_HMRPS-2, T_HMRPS-3, T_HMRPS-4, T_HMRPS-5",,,,,,,
10018,,IRNPS,Ironbridge B,"T_IRNPS-1, T_IRNPS-2","IRNPS-1, IRNPS-2",,,,,,97047
10019,,KINO,Kingsnorth,"T_KINO-1, T_KINO-2, T_KINO-3, T_KINO-4, T_KINO1G, T_KINO4G","KINO-1, KINO-2, KINO-3, KINO-4, KINO1G, KINO4G",,,,,,97055
10020,,TILB,Tilbury B,"T_TILB10, T_TILB-7, T_TILB-8, T_TILB-9, T_TILB0G, T_TILB7G, T_TILB8G, T_TILB9G","TILB10, TILB-7, TILB-8, TILB-9, TILB0G, TILB7G, TILB8G, TILB9G",,,,,,97158
10021,GBR1000312,BAGE,Baglan Bay,"T_BAGE-1, T_BAGE-2","BAGE-1, BAGE-2",,,,,,96786
10022,,BARK,Barking 2 MGT,"T_BARK-1, T_BARKB2","BARK-1, BARKB2",,,,,,97034
10024,GBR2000125,BRYP,Barry,"E_BRYP-1, E_AESB-1",BRYP-1,,,,,,97659
10026,GBR2000126,BRGG,Brigg,E_BRGG-1,BRGG-1,,,,,,97215
10027,GBR2000124,CARR,Carrington,"T_CARR-1, T_CARR-2","CARR-1, CARR-2",,,,,,112433
10028,GBR1000113,MPGEN002,Castleford CCGT,2__MPGEN002,YEP-PGU02,,,,,,97683
10029,GBR1000492,CNQPS,Connahs Quay,"T_CNQPS-1, T_CNQPS-2, T_CNQPS-3, T_CNQPS-4","CNQPS-1, CNQPS-2, CNQPS-3, CNQPS-4",,,,,,97054
10030,GBR1000077,CORB,Corby,E_CORB-1,CORB-1,,,,,,97634
10031,GBR1000211,COSO,Coryton,T_COSO-1,COSO-1,,,,,,96934
10032,GBR1000493,CDCL,Cottam Development Centre Limited,T_CDCL-1,CDCL-1,,,,,,97059
10033,GBR1000465,DAMC,Damhead Creek,T_DAMC-1,DAMC-1,,,,,,96906
10034,GBR2000262,DEEP,Deeside,T_DEEP-1,DEEP-1,,,,,,97636
10036,GBR1000494,EECL,Enfield Energy,T_EECL-1,EECL-1,,,,,,97044
10037,,FIFE,Fife CCGT,T_FIFE-1,FIFE-1,,,,,,97887
10038,GBR1000370,GYAR,Great Yarmouth,E_GYAR-1,GYAR-1,,,,,,97183
10039,,KEAD,Keadby,"T_KEAD-1, T_KEADGT-3","KEAD-1, KEADGT-3",,,,,,98249
10040,GBR1000500,KIL,Killingholme,"T_KILNS-1, T_KILLPG-1, T_KILLPG-2","KILNS-1, KILLPG-1, KILLPG-2",,,,,,"97057, 97443"
10042,,KLYNA,Kings Lynn,E_KLYN-A-1,KLYN-A-1,,,,,,116565
10043,GBR1000073,LAGA,Langage,T_LAGA-1,LAGA-1,,,,,,97585
10044,GBR1000371,LBAR,Little Barford,"T_LBAR-1, T_LBAR-1G","LBAR-1, LBAR-1G",,,,,,97169
10045,GBR1000311,MRWD,Marchwood,T_MRWD-1,MRWD-1,,,,,,97532
10046,GBR1000437,MEDP,Medway,T_MEDP-1,MEDP-1,,,,,,98257
10047,GBR1000372,PEMB,Pembroke Power Station -,"T_PEMB-11, T_PEMB-21, T_PEMB-31, T_PEMB-41, T_PEMB-51","PEMB-11, PEMB-21, PEMB-31, PEMB-41, PEMB-51",,,,,,97190
10048,GBR2000128,PETEM,Peterborough,E_PETEM1,PETEM1,,,,,,97020
10049,GBR1000212,ROCK,Rocksavage,T_ROCK-1,ROCK-1,,,,,,96873
10050,,ROOS,Roosecote,E_ROOS-1,ROOS-1,,,,,,96938
10051,GBR1000466,RYHPS,Rye House,T_RYHPS-1,RYHPS-1,,,,,,96908
10052,GBR2000263,SCCL,Saltend South,"T_SCCL-1, T_SCCL-2, T_SCCL-3","SCCL-1, SCCL-2, SCCL-3",,,,,,96903
10053,GBR1000480,SEAB,Seabank,"T_SEAB-1, T_SEAB-2","SEAB-1, SEAB-2",,,,,,96899
10054,GBR1000313,SVRP,Severn Power,"T_SVRP-10, T_SVRP-20","SVRP-10, SVRP-20",,,,,,97635
10055,GBR2000769,SHOS,Shoreham,E_SHOS-1,SHOS-1,,,,,,96911
10056,GBR1000074,SHBA,South Humber Bank,"T_SHBA-1, T_SHBA-2","SHBA-1, SHBA-2",,,,,,96979
10057,GBR0006165,SPLN,Spalding,T_SPLN-1,SPLN-1,,,,,,96864
10058,GBR1000373,STAY,Staythorpe,"T_STAY-1, T_STAY-2, T_STAY-3, T_STAY-4","STAY-1, STAY-2, STAY-3, STAY-4",,,,,,97185
10059,GBR2000518,SUTB,Sutton Bridge,T_SUTB-1,SUTB-1,,,,,,97236
10060,GBR0002514,TESI,Teesside,"T_TESI-1, T_TESI-2","TESI-1, TESI-2",,,,,,97075
10061,GBR1000115,MPGEN001,Thornhill CCGT,2__MPGEN001,YEP-PGU03,,,,,,97720
10063,,WINN,,E_WINN-1,WINN-1,,,,,,
10064,,DERW,Derwent,E_DERW-1,DERW-1,,,,,,97227
10065,,FAWN,Fawley Cogen,E_FAWN-1,FAWN-1,,,,,,96962
10066,GBR1000317,FELL,Fellside,E_FELL-1,FELL-1,,,,,,97167
10067,"GBR1000495, GBR1000497",GRAI,Grain,"T_GRAI-6, T_GRAI-7, T_GRAI-8, T_GRAI-1, T_GRAI-2, T_GRAI-3, T_GRAI-4","GRAI-6, GRAI-7, GRAI-8, GRAI-1, GRAI-2, GRAI-3, GRAI-4",,,,,,97061
10068,,GRMO,Grangemouth CHP Ltd,T_GRMO-1,GRMO-1,,,,,,97781
10069,,HYTHE,Hythe CHP,E_HYTHE,,,,,,,
10070,GBR1000517,HUMR,Immingham CHP,T_HUMR-1,HUMR-1,,,,,,96880
10071,GBR1000114,DPGEN001,Sandbach CHP,2__DPGEN001,MNW-PGU02,,,,,,97716
10072,,SHOT,Shotton CHP,E_SHOT-1,SHOT-1,,,,,,97674
10073,,SLOUG,Slough,E_SLOUG,,,,,,,
10074,,DPGEN002,Stoke CHP,2__DPGEN002,MNW-PGU03,,,,,,97739
10075,,DICI1,Weaver Power Station,T__DICI002,,,,,,,
10076,,DICI2,Weston Point Power Station,T__DICI001,,,,,,,
10077,,ALDMG,Aldershot Military Generator,E_ALDMG-1,,,,,,,
10078,,ABERDARE,Aberdare District Energy,E_ABERDARE,ABERU-1,,,,,,97150
10079,,BENIG,Bentinck,E_BENIG-1,,,,,,,
10080,,BRIDGWTR,Bridgewater District Energy,E_BRIDGWTR,BRIDU-1,,,,,,
10081,,CAYTG,Caythorpe,E_CAYTG-1,,,,,,,
10082,,FAWL,Fawley,"T_FAWL1, T_FAWL3, T_FAWL4, T_FAWL2G, T_FAWL1G, T_FAWL3G, T_FAWL4G","FAWL1, FAWL3, FAWL2G, FAWL1G, FAWL3G, FAWL4G",,,,,,97172
10083,,FDUN,Fort Dunlop,E_FDUN-1,FDUNT-1,,,,,,
10086,,PYEBG,Pye Bridge,E_PYEBG-1,,,,,,,
10087,,REDGT,Redditch,E_REDGT-1,REDGT-1,,,,,,96989
10088,,SEVINGTN,Sevington District Energy,E_SEVINGTN,SEVIU-1,,,,,,97145
10089,,SOLUTIA,Solutia District Energy,E_SOLUTIA,SOLUU-1,,,,,,97142
10091,GBR1000376,COWE,Cowes,"E_COWE1, E_COWE2","COWE1, COWE2",,,,,,97160
10097,GBR1000150,INDQ,Indian Queens,T_INDQ-1,INDQ-1,,,,,,96869
10101,GBR2000723,PEHE,Peterhead,"T_PEHE-1, T_PEHE-2, T_PEHE-3G, T_PEHE-4G","PEHE-1, PEHE-2, PEHE-3, PEHE-4",,,,,,97910
10104,GBR1000499,TAYLG,Taylors Lane,"E_TAYL2G, E_TAYL3G","TAYL2G, TAYL3G",,,,,,97048
10107,,CASBEU,Beauly Cascade,M_CAS-BEU01,CAS-BEU01,,,,,,
10108,GBR1000401,CLAC,Clachan Power Station,E_CLAC-1,CLAC-1,,,,,,
10109,GBR1000405,CASCLU,Clunie Cascade,M_CAS-CLU01,CAS-CLU01,,,,,,
10110,,CASCON,Conon Cascade,M_CAS-CON01,CAS-CON01,,,,,,
10111,,CWMD,Cwm Dyli,E_CWMD-1,CWMD-1,,,,,,
10112,,DOLG,Dolgarrog,"E_DOLG-1, E_DOLG_H, E_DOLG_L",,,,,,,
10115,,ERRO,Errochty G,"T_ERRO-1, T_ERRO-2, T_ERRO-3","ERRO-1, ERRO-2, ERRO-3",,,,,,
10116,,FASN,Fasnakyle G,"T_FASN-1, E_FASN-2, T_FASN-2, E_FASN-3, T_FASN-3, E_FASN-4","FASN-1, FASN2, FASN3, FASN-4",,,,,,
10117,,FINL,Finlarig,T_FINL-1,FINL-1,,,,,,
10118,,CASGAR,Garry Cascade,M_CAS-GAR01,CAS-GAR01,,,,,,
10119,GBR0000388,GLNDO,Glendoe,T_GLNDO-1,GLNDO-1,,,,,,
10120,,CASKIL,Killin Cascade,M_CAS-KIL01,CAS-KIL01,,,,,,
10121,,MAEN,Maentwrog,E_MAEN-1,,,,,,,
10122,,CASMOR,Moriston Cascade,M_CAS-MOR01,CAS-MOR01,,,,,,
10123,,NANT,Nant,T_NANT-1,NANT-1,,,,,,
10124,GBR0003552,RHEI,Rheidol,"E_RHEI-1, E_RHEI-2, E_RHEI-3",RHEI-1,,,,,,
10125,GBR1000404,SLOY,Sloy G,"M_SLOY-1, T_SLOY-2, T_SLOY-3, M_SLOY-4","SLOY-1, SLOY-2, SLOY-3, SLOY-4",,,,,,
10126,,MANXENR,Manx Power,E_MANXENR-1,MANXENR-1,,,,,,
10127,,BRWE,Bradwell,"T_BRWE-1, T_BRWE-2, T_BRWE-3, T_BRWE-4, T_BRWE-5, T_BRWE-6",,,,,,,
10128,GBR1000052,DUNG,Dungeness B,"T_DUNG-1, T_DUNG-2, T_DUNG-3, T_DUNG-4, T_DNGB21, T_DNGB22","DNGB21, DNGB22",,,,,,
10130,GBR1000053,HRTL,Hartlepool,"T_HRTL-1, T_HRTL-2","HRTL-1, HRTL-2",,,,,,
10131,"GBR1000054, GBR1000055",HEYM,Heysham,"T_HEYM11, T_HEYM12, T_HEYM27, T_HEYM28","HEYM11, HEYM12, HEYM27, HEYM28",,,,,,
10133,GBR1000056,HINB,Hinkley Point B,"T_HINB-7, T_HINB-8","HINB-7, HINB-8",,,,,,
10134,GBR1000057,HUNB,Hunterston Generator,"T_HUNB-7, T_HUNB-8","HUNB-7, HUNB-8",,,,,,
10135,,OLDS,Oldbury,"T_OLDS1, T_OLDS2","OLDS1, OLDS2",,,,,,
10136,GBR1000058,SIZ,Sizewell,"T_SIZEA1, T_SIZEA2, T_SIZB-1, T_SIZB-2","SIZB-1, SIZB-2",,,,,,
10138,GBR1000059,TORN,Torness Generator,"T_TORN-1, T_TORN-2","TORN-1, TORN-2",,,,,,
10139,,WYLF,Wylfa,"T_WYLF-1, T_WYLF-2, T_WYLF-3, T_WYLF-4","WYLF-1, WYLF-2, WYLF-3, WYLF-4",,,,,,
10141,,LITTD,Littlebrook D,"T_LITTD1, T_LITTD2, T_LITTD3, T_LITTD1G, T_LITTD2G, T_LITTD3G","LITTD1, LITTD2, LITTD3, LITT1G, LITT2G, LITT3G",,,,,,97177
10142,,FIBRE,Fibropower,E_FIBRE,,,,,,,
10143,,CRUA,Crauchan,"T_CRUA-1, T_CRUA-2, T_CRUA-3, T_CRUA-4","CRUA-1, CRUA-2, CRUA-3, CRUA-4",,,,,,
10144,GBR1000151,DINO,Dinorwig,"T_DINO-1, T_DINO-2, T_DINO-3, T_DINO-4, T_DINO-5, T_DINO-6","DINO-1, DINO-2, DINO-3, DINO-4, DINO-5, DINO-6",,,,,,
10145,GBR1000152,FFES,Ffestiniog,"T_FFES-1, T_FFES-2, T_FFES-3, T_FFES-4","FFES-1, FFES-2, FFES-3, FFES-4",,,,,,
10146,GBR2000657,FOYE,Foyers G,"T_FOYE-1, T_FOYE-2","FOYE-1, FOYE-2",,,,,,
10147,GBR0004331,ACHRW,AChruach Wind Farm,T_ACHRW-1,ACHRW-1,,,,,,
10148,GBR0004332,AKGLW,Aikengall 2 Wind Farm Generation,"T_AKGLW-2, T_AKGLW-3","AKGLW-2, AKGLW-3",,,,,,
10149,,AIRSW,Airies Windfarm,E_AIRSW-1,AIRSW-1,,,,,,
10150,,ASHWW,Andershaw Wind Farm,E_ASHWW-1,ASHWW-1,,,,,,
10151,,ANSUW,An Suidhe Windfarm,T_ANSUW-1,ANSUW-1,,,,,,
10152,GBR0003258,ARCHW,Arecleoch Windfarm,T_ARCHW-1,ARCHW-1,,,,,,
10153,,ASLVW,Assel Valley Wind Farm,E_ASLVW-1,ASLVW-1,,,,,,
10154,,ABRTW,Auchrobert Wind Farm,E_ABRTW-1,ABRTW-1,,,,,,
10155,GBR0004021,BABAW,Baillie Wind Farm,E_BABAW-1,BABAW-1,,,,,,
10156,GBR0002546,BOWLW,Barrow Offshore Windfarm,T_BOWLW-1,BOWLW-1,barrow-united-kingdom-uk01,windfarm_en_1503_barrow,Q2016017,Barrow_Offshore_Wind_Farm,,
10157,GBR0004525,BTUIW,Beinn An Tuirc 2 Windfarm,"E_BTUIW-2, E_BTUIW-3","BTUIW-2, BTUIW-3",,,,,,
10158,GBR0003787,BEINW,Beinneun Wind Farm,T_BEINW-1,BEINW-1,,,,,,
10159,,BETHW,Beinn Tharsuinn,E_BETHW-1,BETHW-1,,,,,,
10160,GBR0004261,BRYBW,Berry Burn Windfarm,E_BRYBW-1,BRYBW-1,,,,,,
10161,GBR0004640,BHLAW,Bhlaraidh Windfarm 1,T_BHLAW-1,BHLAW-1,,,,,,
10162,,BLKWW,Blackcraig Windfarm,T_BLKWW-1,BLKWW-1,,,,,,
10163,"GBR0003116, GBR0004253",BLLA,Black Law Wind Farm,"T_BLLA-1, T_BLLA-2","BLLA-1, BLLA-2",,,,,,
10165,,BODW,Blyth Offshore Demonstrator Windfarm Generation,E_BODW-1,,"blyth-offshore-demonstrator---phase-2-united-kingdom-uk79, blyth-offshore-demonstrator---phase-1-united-kingdom-uk70","windfarm_en_16663_blyth-offshore, windfarm_en_16688_blyth-offshore-3a-4",Q4930860,Blyth_Offshore_Wind_Farm,blyth,
10166,GBR0003119,BRDUW,Braes of Doune,E_BRDUW-1,BRDUW-1,,,,,,
10167,GBR0004431,WISTW,Brockloch Rig 2 Windfarm,T_WISTW-2,WISTW-2,,,,,,
10168,,BRNLW,Brownieleys Windfarm,E_BRNLW-1,BRNLW-1,,,,,,
10169,GBR0002487,BURBO,Burbo Bank Offshore Windfarm,E_BURBO,BURBW-1,"burbo-bank-united-kingdom-uk02, burbo-bank-extension-united-kingdom-uk59",windfarm_en_10684_burbo-bank,Q2583856,Burbo_Bank_Offshore_Wind_Farm,"burbowind, burbo-bank-extension-offshore-wind-farm-liverpool-bay",
10170,GBR0002539,BRBEO,Burbo Bank Wind Farm Extension,T_BRBEO-1,BRBEO-1,,,,,,
10171,,BNWKW,Burn of Whilk Windfarm,E_BNWKW-1,BNWKW-1,,,,,,
10172,GBR0003951,PSTAT001,Cairn Uish / Rothes Windfarm Extension,2__PSTAT001,CAIRW-2,,,,,,
10173,GBR0004006,PPGEN003,Camster Wind Farm,2__PPGEN003,CMSTW-1,,,,,,
10174,GBR0004619,CRGHW,Carraig Gheal Wind Farm,T_CRGHW-1,CRGHW-1,,,,,,
10175,,CLFLW,Clachan Flats Windfarm,E_CLFLW-1,CLFLW-1,,,,,,
10176,GBR0004623,CLDRW,Clashindarroch Wind Farm,E_CLDRW-1,CLDRW-1,,,,,,
10177,GBR0004178,CLDW,"Clyde Central Windfarm, Clyde North Windfarm, Clyde South Windfarm","T_CLDCW-1, T_CLDNW-1, T_CLDSW-1","CLDCW-1, CLDNW-1, CLDSW-1",,,,,,
10178,GBR0004664,CGTHW,Corriegarth Wind Farm,T_CGTHW-1,CGTHW-1,,,,,,
10179,GBR0004120,CRMLW,Corriemoillie Wind Farm,T_CRMLW-1,CRMLW-1,,,,,,
10180,,COUWW,Cour Wind Farm,T_COUWW-1,COUWW-1,,,,,,
10181,"GBR0004215, GBR0003440",CRYRW,Crystal Rig Wind Farm,"T_CRYRW-2, T_CRYRW-3","CRYRW-2, CRYRW-3",,,,,,
10183,,DALSW,Dalswinton Wind Farm,E_DALSW-1,DALSW-1,,,,,,
10184,GBR0004269,DRSLW,Dersalloch Windfarm,T_DRSLW-1,DRSLW-1,,,,,,
10185,,DDGNO,Dudgeon Offshore Wind Farm Generator,"T_DDGNO-1, T_DDGNO-2, T_DDGNO-3, T_DDGNO-4","DDGNO-1, DDGNO-2, DDGNO-3, DDGNO-4",dudgeon-united-kingdom-uk04,windfarm_en_12072_dudgeon,Q5311735,Dudgeon_Offshore_Wind_Farm,dudgeon-offshore-wind-farm,
10186,,DNLWW,Dun Law Extension Windfarm,T_DNLWW-1,DNLWW-1,,,,,,
10187,,DUNGW,Dunmglass Wind Farm,T_DUNGW-1,DUNGW-1,,,,,,
10188,GBR0004674,EDINW,Edinbane Windfarm,T_EDINW-1,EDINW-1,,,,,,
10189,,EWHLW,Ewe Hill II Wind Farm,T_EWHLW-1,EWHLW-1,,,,,,
10190,GBR0004059,FALGW,Fallago Rig Wind Farm,T_FALGW-1,FALGW-1,,,,,,
10191,GBR0004676,FARR,Farr Wind Farm,"T_FARR-1, T_FARR-2","FAARW-1, FAARW-2",,,,,,
10192,,FSDLW,Freasdail Wind Farm,T_FSDLW-1,FSDLW-1,,,,,,
10193,GBR0004368,GLWSW,Galawhistle Wind Farm,T_GLWSW-1,GLWSW-1,,,,,,
10194,,GANW,Galloper Offshore Windfarm 1,"T_GANW-11, T_GANW-13, T_GANW-22, T_GANW-24","GAOFO-1, GAOFO-3, GAOFO-2, GAOFO-4",galloper-united-kingdom-uk62,windfarm_en_16770_galloper,Q56026054,,galloper-offshore-wind-farm,
10195,,GNAPW,Glen App Wind Farm,T_GNAPW-1,GNAPW-1,,,,,,
10196,,GLCHW,Glenchamber Wind Farm,E_GLCHW-1,GLCHW-1,,,,,,
10197,,GLOFW,Glens of Foudland,E_GLOFW-1,GLOFW-1,,,,,,
10198,,GFLDW,Goole Fields 1 Windfarm,E_GFLDW-1,GFLDW-1,,,,,,
10199,GBR0003662,GORDW,Gordonbush Wind Farm,"T_GORDW-1, T_GORDW-2","GORDW-1, GORDW-2",,,,,,
10200,,GDSTW,Gordonstown Windfarm,E_GDSTW-1,GDSTW-1,,,,,,
10201,GBR0002510,GRGBW,Greater Gabbard Offshore Windfarm,"T_GRGBW-1, T_GRGBW-2, T_GRGBW-3","GRGBW-1, GRGBW-2, GRGBW-3",greater-gabbard-united-kingdom-uk05,"windfarm_en_1615_greater-gabbard-1, windfarm_en_7107_greater-gabbard-2",Q820613,Greater_Gabbard_wind_farm,greatergabbardoffsho,
10202,GBR0004028,GRIFW,Griffin Wind Farm,"T_GRIFW-1, T_GRIFW-2","GRIFW-1, GRIFW-2",,,,,,
10204,"GBR0002490, GBR0002489, GBR0002488",GNFSW,Gunfleet Sands Windfarm,"E_GNFSW-1, T_GNFSW-1, E_GNFSW-2, T_GNFSW-2, E_GNFSW-3","GNFSW-1, GNFSW-1, GNFSW-2, GNFSW-2",,,,,,
10206,GBR0002543,GYMR,Gwynt y Mor Offshore Wind Farm,"T_GYMRW-1, T_GYMRW-2, T_GYMR-15, T_GYMR-17, T_GYMR-26, T_GYMR-28","GYMRW-1, GYMRW-2, GYMRO-15, GYMRO-17, GYMRO-26, GYMRO-28",gwynt-y-môr-united-kingdom-uk09,windfarm_en_7389_gwynt-y-mor,Q455472,Gwynt_y_Mor,gwynt-y-mor-offshore-wind-farm-north-wales,
10208,GBR0003109,HADHW,Hadyard Hill Wind Farm,T_HADHW-1,HADHW-1,,,,,,
10209,GBR0004225,HBHDW,Harburnhead Wind Farm,E_HBHDW-1,HBHDW-1,,,,,,
10210,,HRHLW,Hare Hill Extension Wind Farm,E_HRHLW-1,HRHLW-1,,,,,,
10211,GBR0004119,HRSTW,Harestanes Windfarm,T_HRSTW-1,HRSTW-1,,,,,,
10212,,HLGLW,Hill of Glaschyle Windfarm,E_HLGLW-1,HLGLW-1,,,,,,
10213,GBR0004014,HLTWW,Hill of Towie Windfarm ,E_HLTWW-1,HLTWW-1,,,,,,
10214,GBR0002544,HMGTO,Humber Offshore Wind Farm,"T_HMGTO-1, T_HMGTO-2","HMGTO-1, HMGTO-2",humber-gateway-united-kingdom-uk10,windfarm_en_12070_humber-gateway,Q15226770,Humber_Gateway_Wind_Farm,humber-gateway-offshore-wind-farm,
10215,,HYWDW,Hywind Generator 1,E_HYWDW-1,HYWDW-1,hywind-scotland-pilot-park-united-kingdom-uk76,windfarm_en_16758_hywind-scotland-pilot-park,Q6989526,Hywind_Scotland,hywind-pilot-park-aberdeenshire,
10216,,KTHLW,Keith Hill Windfarm,T_KTHLW-1,KTHLW-1,,,,,,
10217,GBR0003202,KILBW,Kilbraur Windfarm,T_KILBW-1,KILBW-1,,,,,,
10218,,KLGLW,Kilgallioch Wind Farm,T_KLGLW-1,KLGLW-1,,,,,,
10219,GBR0002513,LNCSW,Lincs Offshore Wind Farm,"T_LNCSW-1, T_LNCSW-2, T_LNCSW-3","LNCSO-1, LNCSO-2, LNCSW-3",lincs-united-kingdom-uk13,windfarm_en_10526_lincs,Q6551320,Lincs_Wind_Farm,centricalincs,
10220,GBR0004123,LCLTW,Lochluichart Windfarm,T_LCLTW-1,LCLTW-1,,,,,,
10221,GBR0002511,LARYW,London Array Windfarm,"T_LARYW-1, T_LARYW-2, T_LARYW-3, T_LARYW-4","LARYO-1, LARYO-2, LARYO-3, LARYO-4",london-array-united-kingdom-uk14,windfarm_en_1574_london-array,Q914264,London_Array,london-array,
10222,GBR0003260,MKHLW,Mark Hill Windfarm,T_MKHLW-1,MKHLW-1,,,,,,
10223,GBR0004667,PSTAT002,Mid Hill Windfarm,2__PSTAT002,MDHLW-1,,,,,,
10224,GBR0004682,MILWW,Millennium Wind Farm,T_MILWW-1,MILWW-1,,,,,,
10225,,MYGPW,Minnygap Wind Farm,T_MYGPW-1,MYGPW-1,,,,,,
10226,GBR0004517,MINSW,Minsca Wind Farm,E_MINSW-1,MINSW-1,,,,,,
10227,GBR0003647,MOYE,Moy Windfarm,"E_MOYE-1, E_MOYEW-1",MOYEW-1,,,,,,
10229,GBR0002509,OMNDW,Ormonde Windfarm,"E_OMNDW-1, T_OMNDW-1, E_OMNDD-1","OMNDW-1, OMNDO-1, OMNDD-1",ormonde-united-kingdom-uk17,windfarm_en_1629_ormonde,Q763941,Ormonde_Wind_Farm,ormonde-offshore-wind-farm,
10231,GBR0004687,PPGEN002,Pauls Hill Windfarm,2__PPGEN002,PAUHW-1,,,,,,
10232,GBR0004595,PNYCW,Pen y Cymoedd Wind Farm,T_PNYCW-1,PNYCW-1,,,,,,
10233,GBR0002515,RCBKO,Race Bank Offshore Wind Farm,"T_RCBKO-1, T_RCBKO-2","RCBKO-1, RCBKO-2","race-bank-united-kingdom-uk18, race-bank-extension-united-kingdom-uk4f","windfarm_en_12071_race-bank, windfarm_en_30016_race-bank-extension",Q3364824,Race_Bank_wind_farm,race-bank-wind-farm,
10234,,RMPNO,Rampion Offshore Windfarm,"T_RMPNO-1, T_RMPNO-2","RMPNO-1, RMPNO-2",rampion-united-kingdom-uk36,windfarm_en_16761_rampion,Q7290043,Rampion_Wind_Farm,rampion-offshore-wind-project-english-channel,
10235,"GBR0002496, GBR0002497","RREW, RRWW",Robin Rigg,"T_RREW-1, T_RRWW-1","RREW-1, RRWW-1",robin-rigg-united-kingdom-uk20,windfarm_en_7392_robin-rigg,Q1724197,Robin_Rigg_Wind_Farm,robinriggwind,
10237,GBR0003534,PPGEN001,Rothes (Cairn Uish) Wind Farm,2__PPGEN001,CAIRW-1,,,,,,
10238,,SANQW,Sanquhar Community Wind Farm Generation,T_SANQW-1,SANQW-1,,,,,,
10239,GBR0002512,SHRSW,Sheringham Shoals Windfarm  1,"E_SHRSW-1, T_SHRSW-1, E_SHRSW-2, T_SHRSW-2","SHRSW-1, SHRSO-1, SHRSW-2, SHRSO-2","sheringham-shoal-united-kingdom-uk27, sheringham-shoal-extension-united-kingdom-uk4h","windfarm_en_7394_sheringham-shoal, windfarm_en_30017_sheringham-shoal-extension",Q7495028,Sheringham_Shoal_Offshore_Wind_Farm,sheringham-shoal,
10240,GBR0004625,STRNW,Strathy North Wind Farm 1,T_STRNW-1,STRNW-1,,,,,,
10242,GBR0002499,THNT,Thanet Offshore Windfarm,"T_THNTO-1, T_THNTO-2, E_THNTW-2, E_THNTW-1","THNTO-1, THNTO-2, THNTW-2, THNTW-1",,,,,,
10243,,TDBNW,Toddleburn Wind Farm,T_TDBNW-1,TDBNW-1,,,,,,
10244,,TULWW,Tullo,"E_TULWW-1, E_TULWW-2","TULWW-1, TULWW-2",,,,,,
10246,"GBR0002500, GBR0002506",WLNYW1,Walney Offshore Windfarm  1,"T_WLNYW-1, E_WLNYW-2, T_WLNYO-3, T_WLNYO-4, T_WLNYO-2","WLNYW-1, WLNYW-2, WLNYO-3, WLNYO-4, WLNYO-2",,,,,,
10248,GBR0002545,WTMSO,Westermost Rough Windfarm,"T_WTMSO-1, T_WTMSD-1","WTMSO-1, WTMSD-1",westermost-rough-united-kingdom-uk34,windfarm_en_21826_westermost-rough,Q7987427,Westermost_Rough_Wind_Farm,westermost-rough-offshore-wind-farm-yorkshire,
10250,GBR0002519,WDNSO,West of Duddon Sands,"T_WDNSO-1, T_WDNSO-2","WDNSO-1, WDNSO-2",west-of-duddon-sands-united-kingdom-uk33,windfarm_en_7396_west-of-duddon-sands,Q7987061,West_of_Duddon_Sands_Wind_Farm,west-of-duddon-sands-offshore-wind-farm,
10251,,WDNSW,West of Duddon Sands,"T_WDNSW-1, T_WDNSW-2","WDNSW-1, WDNSW-2",,,,,,
10252,"GBR0003489, GBR0003981",WHILW,Whitelee Wind Farm,"T_WHILW-1, T_WHILW-2","WHILW-1, WHILW-2",,,,,,
10254,,AANGE,,2__AANGE001,,,,,,,
10255,,AFLEX,,2__AFLEX001,,,,,,,
10256,,ALIME,,2__ALIME000,,,,,,,
10257,,ALOND,,2__ALOND001,,,,,,,
10258,,BANGE,,"2__BANGE001, 2__BANGE002",,,,,,,
10259,,BFLEX,,2__BFLEX001,,,,,,,
10260,,BLIME,,2__BLIME000,,,,,,,
10261,,BUKPR,,2__BUKPR001,,,,,,,
10262,,DSMAR,,2__DSMAR001,,,,,,,
10263,,EANGE,,2__EANGE001,,,,,,,
10264,,EFLEX,,2__EFLEX001,,,,,,,
10265,,FANGE,,2__FANGE001,,,,,,,
10266,,FFLEX,,2__FFLEX001,,,,,,,
10267,,GANGE,,"2__GANGE001, 2__GANGE002",,,,,,,
10268,,HANGE,,2__HANGE001,,,,,,,
10269,,LSTAT,,2__LSTAT001,,,,,,,
10270,,MANGE,,2__MANGE001,,,,,,,
10271,,MFLEX,,2__MFLEX001,,,,,,,
10272,,MSMAR,,2__MSMAR001,,,,,,,
10273,,ALCOA,,E_ALCOA-1,,,,,,,
10274,,ARNKB,Bloxwich,E_ARNKB-1,,,,,,,
10275,,BURGH,,E_BURGH-1,,,,,,,
10276,,CHICK,,E_CHICK-1,,,,,,,
10277,,CRGTW,Craig 2,E_CRGTW-1,,,,,,,
10278,,CRSSB,Carnegie Road,E_CRSSB-1,,,,,,,
10279,,LCHWT,Letchworth,E_LCHWT-1,,,,,,,
10280,,LSTWY,,E_LSTWY-1,,,,,,,
10281,,RDFRB,,E_RDFRB-1,,,,,,,
10282,,RDFRD,,E_RDFRD-1,,,,,,,
10283,,ROOSB,,E_ROOSB-1,,,,,,,
10284,,STLGW,Stronelairg Windfarm,"T_STLGW-1, T_STLGW-2, T_STLGW-3","STLGW-1, STLGW-2, STLGW-3",,,,,,
10285,,TDRVE,,E_TDRVE-1,,,,,,,
10286,,TRFPK,,E_TRFPK-1,,,,,,,
10287,,WTRLN,,E_WTRLN-1,,,,,,,
10288,,,Achlachan,C__PSMAR001,ACHLW-1,,,,,,
10289,,,Coire Na Cloiche,E_CNCLW-1,CNCLW-1,,,,,,
10290,,,Kincardine,E_KINCW-1,KINCW-1,"kincardine---phase-1-united-kingdom-uk2h, kincardine---phase-2-united-kingdom-uk4n, kincardine---dolphyn---2-mw-demo-united-kingdom-uk4u",windfarm_en_17376_kincardine-offshore-windfarm,,,,
10291,,,Rosehall,E_RSHLW-1,RSHLW-1,,,,,,
10292,,,Tullymurdoch,E_TLYMW-1,TLYMW-1,,,,,,
10293,,,Halsary,T_HALSW-1,,,,,,,
10294,,,Aberdeen Bay,T_ABRBO-1,ABRBO-1,aberdeen-(eowdc)-united-kingdom-uk47,windfarm_en_16769_eowdc,Q17509465,European_Offshore_Wind_Deployment_Centre,european-offshore-wind-deployment-centre-aberdeen,
10295,,,Afton,T_AFTOW-1,AFTOW-1,,,,,,
10296,,,Bad a Cheo,T_BDCHW-1,BDCHW-1,,,,,,
10297,,,Beatrice,"T_BEATO-1, T_BEATO-2, T_BEATO-3, T_BEATO-4","BEATO-1, BEATO-2, BEATO-3, BEATO-4","united-kingdom/beatrice-demonstration-united-kingdom-uk46, united-kingdom/beatrice-united-kingdom-uk53","windfarm_en_10664_beatrice-demonstration, windfarm_en_12051_beatrice",Q4877211,Beatrice_Wind_Farm,beatrice-offshore-wind-farm,
10298,,,Crossdykes,"T_CRDEW-1, T_CRDEW-2","CRDEW-1, CRDEW-2",,,,,,
10299,,,Dorenell,"T_DOREW-1, T_DOREW-2","DOREW-1, DOREW-2",,,,,,
10300,,,East Anglia One,"T_EAAO-1, T_EAAO-2","EAAO-1, EAAO-2",east-anglia-one-united-kingdom-uk64,windfarm_en_16790_east,Q19364853,East_Anglia_Array,east-anglia-one-offshore-wind-farm,
10301,,,Hornsea,"T_HOWAO-1, T_HOWAO-2, T_HOWAO-3","HOWAO-1, HOWAO-2, HOWAO-3","hornsea-project-one-united-kingdom-uk81, hornsea-project-two-united-kingdom-uk1u, hornsea-project-three-united-kingdom-uk1k, hornsea-project-four-united-kingdom-uk1j","windfarm_en_16677_hornsea-project-one-heron-wind, windfarm_en_16685_hornsea-project-three",Q23013079,Hornsea_Wind_Farm,hornsea-project-one-north-sea,
10302,,,Kype Muir,T_KPMRW-1,KPMRW-1,,,,,,
10303,,,Middle Muir,T_MIDMW-1,MIDMW-1,,,,,,
10304,,,Moray East,"T_MOWEO-1, T_MOWEO-2, T_MOWEO-3","MOWEO-1, MOWEO-2, MOWEO-3",moray-east-united-kingdom-uk40,windfarm_en_16772_moray-east,,,moray-offshore-windfarm-east-scotland,
10305,,,Pogbie,T_PGBIW-1,PGBIW-1,,,,,,
10306,,,Triton Knoll,"T_TKNEW-1, T_TKNWW-1","TKNEW-1, TKNWW-1",triton-knoll-united-kingdom-uk30,windfarm_en_10786_triton-knoll-wind-farm,Q7844328,Triton_Knoll,triton-knoll-offshore-windfarm,
10307,,,Tralorg,T_TRLGW-1,TRLGW-1,,,,,,
10308,,,Twenty Shillings,T_TWSHW-1,TWSHW-1,,,,,,
10309,,,Windy Rig,T_WDRGW-1,WDRGW-1,,,,,,
10310,,,Whiteside Hill,T_WHIHW-1,WHIHW-1,,,,,,
10311,,,Wathegar,T_WTGRW-1,WTGRW-1,,,,,,
